offre_id,nom,entrepriseAdaptee
192WXGD,EHPAD Résidence SAINTE MONIQUE,False
192WLPN,COTTE ET FILS,False
192VVQT,CENTRE FORMATION PROFESSIONNELLE,False
192VVPN,TECHNOPLI,False
192VLGQ,BATIR DURABLE,False
192VDVM,B9.A,False
192TQBX,SIEGE ADMINISTRATIF,False
192RHGP,FCA,False
192QYLP,DROME ARDECHE TRADITION,False
192QPNP,INTERMARCHE,False
192QNDC,ASSOCIATION HOSPITALIERE DE MOZE,False
192NZPN,CENTRE SOCIO CULTUREL LE PALABRE,False
192NVLC,ACTION,False
192LYMX,,False
192LPZQ,KIABI,False
192LBDC,CENTRE HOSPITALIER DE PRIVAS ARDECHE,False
192GLST,,False
192DFZC,SIEGE ADMINISTRATIF,False
192CVNY,CENTRE HOSPITALIER SAINTE MARIE,False
192BDWF,BOULANGERIES SOPHIE LEBREUILLY,False
191ZWFY,GSF ORION,False
191ZWBX,PRO IMPEC,False
191YZLJ,LA FRINGALINE,False
191YXMX,CENTRE HOSPITALIER SAINTE MARIE,False
191YQPH,CENTRE HOSPITALIER SAINTE MARIE,False
191XNRD,LEADSEN RH,False
191XJRF,""" SUPER U """,False
191VBRB,""" SUPER U """,False
191SXDT,RAMPA ENTREPRISES,False
191PCCQ,NESTENN,False
191GJMF,PLEIN SUD RESTAURATION,False
190ZLPV,CENTRE SOCIO-CULTUREL,False
190RRLN,SAS ANCIA-INTERMARCHE,False
185FSLJ,BAYA,False
192VWNV,ADECCO FRANCE,False
192VDVV,LE CERISIER,False
192VDVQ,B9.A,False
192TLRH,ADECCO FRANCE,False
192SPMG,STANDYR,False
192SJQR,EHPAD LES BAINS,False
192SCCH,ELMOUTAWAKKIL,False
192RLQG,MYBIOSHOP,False
192RGTX,FCA,False
192QKGH,MICRO CRECHE PLOOM,False
192QFGG,A.P.S Alpha Protect Sécurité,False
192MHJY,DOMAINE JEAN LOUIS CHAVE,False
192KWZY,CENTRE HOSPITALIER DE PRIVAS ARDECHE,False
192KRCB,TRIOMPHE SECURITE,False
192KGBK,Boulangeries SOPHIE LEBREUILLY,False
192HXBZ,EHPAD CAMOUS-SALOMON,False
192FFBD,GSF ORION,False
192DGFD,SIEGE ADMINISTRATIF,False
192BGQR,SARL L. CHALLON,False
191ZPZG,LUCKY-VIP,False
191YPDS,SAMSIC II,False
191XTZV,PATISSERIE DEGRAEVE,False
191WDXZ,CTRE HOSP DES CEVENNES ARDECHOISES,False
191WDDZ,RANDSTAD,False
191VVSF,ASSOCIATION HOSPITALIERE DE MOZE,False
191VBST,""" SUPER U """,False
191VBSP,""" SUPER U """,False
191VBRT,""" SUPER U """,False
191PXHR,GROUPT DES ASSOC FAMILLE RURAL ARDECHE,False
191MJFR,PROVENCALE SECURITE,False
191JYHR,LA BOITE A OUTILS,False
190YRKV,résidence SAINTE MONIQUE,False
190CBVG,LES TROIS RIVIERES,False
192XZLL,DSB PLATRERIE PEINTURE,False
192XDYN,GUILLAUME NETTOYAGE,False
192WRKM,O.G.E.C. ST DENIS,False
192WCSP,FIC,False
192WCLR,FIDU.MONTPELLIER,False
192VRTG,SEYA,False
192VHMP,PRIVAS AUTO CONTROLE,False
192VDWF,LE CERISIER,False
192TTKD,RANDSTAD,False
192TQKQ,ASOLTECH DURAND,False
192TLCD,ARDECHE AUTONOMIE A DOMICILE,False
192TKLQ,ARDECHE AUTONOMIE A DOMICILE,False
192THHG,,False
192TCMT,RANDSTAD,False
192SZHK,LFE TRANSPORTS,False
192SYCV,CAPEB 07,False
192SVRY,ADEQUAT 011.,False
192SNYR,ADECCO,False
192RXJD,SAMSIC II,False
192RXFT,AUTOCARS CHABANNES,False
192RVZN,SAMSIC PROPRETE,False
192RTPL,CYPACK,False
192RRDC,EXPANSION 07 TOURNON SUR RHONE,False
192RGWX, FCA,False
192RCVF,LYNX RH SERVICES,False
192RCML,COLLEGE LOUIS JOUVET,False
192QZDZ,WILLY MENUISERIE,False
192QWSG,ACMARIS,False
192QWMC,CER FRANCE ARDECHE,False
192QKXF,BOUCHERIE BORRELY,False
192QKVK,BOUCHERIE BORRELY,False
192PWXY,ADIS,False
192PMBS,CENTRE HOSPITALIER SAINTE MARIE,False
192PFJX,RANDSTAD,False
192NZFS,CENTRE HOSPITALIER SAINTE MARIE,False
192NYSW,CRB CLEAN SERVICE,False
192MZXV,RANDSTAD,False
192MZSP,Centre Hospitalier du Cheylard,False
192MYZF,PROMAN,False
192MQKC,,False
192MCSD,BP MENUISERIES,False
192LVFN,EHPAD RESIDENCE LES MYRTILLES,False
192LRCG,RANDSTAD,False
192LQSC,SOCIETE BRESSANE DE TRAVAUX PUBLICS,False
192LQPY,LE PETIT MALVINOIS,False
192LPPD,EHPAD CAMOUS-SALOMON,False
192LKNN,RHEFERENCE INDUSTRIE,False
192LHDW,ASSOCIATION DES ITEP DE L'ARDECHE,False
192LDDW,SUCHIER SAS,False
192LCBS,SUCHIER SAS,False
192KZXR,ENTHALPIA RHONE ALPES,False
192KXCV, ECOLE DE CONDUITE NOUVELLE,False
192KQJR,TINES,False
192KPMV,PALFINGER CENTRE DE MONTAGE 07,False
192KPFT,CARROSSERIE JARJAT,False
192KGBL,CHATOR MENNESSIER,False
192KCZH,CENTRE ARDECHE PRIVAS LAB,False
192JKFQ,OGEC DE SATILLEU-ECOLE PRIMAIRE PRIVEE,False
192JFNV,TEC TELECOM,False
192HRBH,J L S ROUMANET,False
192GYSQ,F.P.S. (FLUIDES-PETROLE-SERVICES),False
192GWBD,RANDSTAD,False
192GTDW,BRICOMARCHE,False
192GSTK,CENTRE FORMATION PROFESSIONNELLE,False
192GSQX,BRICOMARCHE,False
192GQRN,"""WELDOM""",False
192GNZV,SIEGE ADMINISTRATIF,False
192GBNV,CAPEB 07,False
192GBNB,ACCES INDUSTRIE,False
192FVVZ,PHEBY,False
192FTYN,PHEBY,False
192FPPC,GROUPEMENT D'EMPLOYEURS AGRI-RURAL DEPAR,False
192DQRQ,ADEQUAT 011.,False
192DNFZ,RCCM,False
192DNFR,RCCM,False
192CFTT,,False
192CFLG,MATECIR,False
192BZLN,RANDSTAD,False
192BZBK,ETABLISSEMENTS GUEZE,False
192BYZM,RANDSTAD,False
192BTJY,LA BOITE A OUTILS,False
192BQSG,LAMBERT ALU,False
192BPHZ,INTERMARCHE,False
192BNMP,LE CHAUDRON,False
192BBBB,,False
191ZXGX,RANDSTAD,False
191ZWHW,SOCIETE RHODANIENNE DES CARS GINHOUX,False
191ZTQF,LE VALLOMINATI,False
191YZGB,ARDECHE AUTONOMIE A DOMICILE,False
191YZFT,CENTRE HOSPITALIER SAINTE MARIE,False
191YYPR,CENTRE HOSPITALIER SAINTE MARIE,False
191YXQG,CENTRE HOSPITALIER SAINTE MARIE,False
191YXMG,ARDECHE AUTONOMIE A DOMICILE,False
191YSKX,CENTRE HOSPITALIER SAINTE MARIE,False
191YQBY,ANNONAY RHONE AGGLO,False
191YKZB,ASSO POUR INTEGRATION ADULTES HANDICAPES,False
191XKLD,LA BOITE A OUTILS,False
191WFTJ,CENTRE HOSPITALIER PRIVAS ARDECHE,False
191WFKX,CENTRE HOSPITALIER DE PRIVAS ARDECHE,False
191VXNQ,GARAGE OLLIER,False
191VRXL,DOMALIANCE AUBENAS,False
191VMNR,SIEGE ADMINISTRATIF,False
191VMHJ,DIR INTERDEP ROUTES MASSIF CENTRAL,False
191VMFC,CENTRE HOSPITALIER DE PRIVAS ARDECHE,False
191VGKD,,False
191TXNY,CHAMBRE D AGRICULTURE DE L ARDECHE,False
191TWCJ,CASALS NETTOYAGE,False
191TVFW,,False
191TPZH,SOCIETE BRESSANE DE TRAVAUX PUBLICS,False
191SMDH,CARROSSERIE JARJAT,False
191SFBP,DOMAINE DE MERCOIRE,False
191RYCB,Feu Vert,False
191RVYC,SITE DE MONTELEGER,False
191RJQN,LPA ASSURANCES,False
191RFND,LE CERISIER,False
191QKJK,ADHEO SERVICES VALENCE,False
191QJWK,AUTOSUR,False
191QHGW,FRAPPA,False
191LPDB,LE MAS DE MON PERE,False
191JYGP,LA BOITE A OUTILS,False
191JFSN,SIEGE ADMINISTRATIF,False
191HTFB,SOCIETE BRESSANE DE TRAVAUX PUBLICS,False
191HPDL,AURORE SPORTIVE BOULIEU,False
191GGJV,C MA CLINIC,False
191FPZY,LARCAD,False
191FMJG,SHALIMAR,False
191FDQL,INTERSPORT GUILHERAND-GRANGES,False
191FCTS,SAS DESCOURS,False
191DYCX,AUTOCARS CHABANNES,False
191DYBX,AUTOCARS CHABANNES,False
191DXZN,AUTOCARS CHABANNES,False
191DXYS,AUTOCARS CHABANNES,False
191DXXY,AUTOCARS CHABANNES,False
191CKLW,ADHEO SERVICES VALENCE,False
190ZSDV,ENSEIGNEMENT PROFESS RHONE,False
190ZPHJ,SNEF POWER SERVICES,False
190ZPDK,SNEF POWER SERVICES,False
190ZNVS,SNEF POWER SERVICES,False
190ZFQS,APFM,False
190YTNK,BARBER OF THE WORLD,False
190YTBT,BARBER OF THE WORLD,False
190VJSB,ASS L'ART D'EN FAIRE,False
190QRTQ,SIEGE ADMINISTRATIF,False
190QNXV,CC ARDECHE DES SOURCES ET VOLCANS,False
190NKMB,RANDSTAD,False
190MHBW,ADHEO SERVICES VALENCE,False
190HBNY,CLAUDE VENTALON,False
189XMXP,BRUNO BOIS,False
189QVVJ,SNEF POWER SERVICES,False
189PJKS,CPTS CENTRE ARDECHE,False
189HDRJ,RAMPA ENTREPRISES,False
189CQBB,AFEO,False
192XCJN,FRAPPA,False
192VYVC,ALLIANCE ENVIRONNEMENT EXPLOITATION,False
192VNGY,A . DOMI,False
192VMLL,A . DOMI,False
192VMBK,A . DOMI,False
192VGWL,GS INLIVE,False
192TXZF,CRIT INTERIM,False
192THWT,,False
192TDMW,LA MAISON TOURNONAISE,False
192SFDV,ADEQUAT 006,False
192RYDZ,ASA GROUPE,False
192RMMR,VACO FRANCE sas,False
192RHSJ,SAINT GEORGES-SCHAEFFER,False
192QTLW,CAPEB 07,False
192QKXM,BOUCHERIE BORRELY,False
192PMCW,CENTRE HOSPITALIER SAINTE MARIE,False
192PMCL,CENTRE HOSPITALIER SAINTE MARIE,False
192PKBF,UN BIJOU A PARIS - LES GEORGETTES,False
192PJHX,VERISURE,False
192PDKV,LEADSEN RH,False
192NCMN,GAUCHERAND DUMAS,False
192MWCX,PRO'ELEC,False
192MMLT,MOUNARD TP RHONE,False
192MBJG,EHPAD LES MURIERS,False
192LXSK,EHPAD CAMOUS-SALOMON,False
192LSYP,""" SUPER U """,False
192LPZS,VIALLET FREDERIC,False
192LLRP,ADECCO FRANCE,False
192KZZC,ENTHALPIA RHONE ALPES,False
192KNJX,VIRAGE CONSEIL 1,False
192KNGR,VIRAGE CONSEIL 1,False
192KNBT,VIRAGE CONSEIL 1,False
192KMZG,VIRAGE CONSEIL 1,False
192KMXM,VIRAGE CONSEIL 1,False
192JPJM,PLEYCE,False
192JNDK,BERGAMO,False
192JKFR,CENTRE SSR LE CHATEAU,False
192HXPK,EHPAD RESIDENCE LES MYRTILLES,False
192HKPN,MENUISERIE CHARPENTE SALLES,False
192DNFX,RCCM,False
192DFTW,SIEGE ADMINISTRATIF,False
192DFMM,SIEGE ADMINISTRATIF,False
192DFJC,SIEGE ADMINISTRATIF,False
192DFBC,SIEGE ADMINISTRATIF,False
192CYVP,ARDECHE AUTONOMIE A DOMICILE,False
192CYQW,CENTRE HOSPITALIER DE PRIVAS ARDECHE,False
192CSNX,MANPOWER FRANCE,False
192BZZR,RANDSTAD,False
192BXJC,RANDSTAD,False
192BWMD,LE CARRE D'ALETHIUS,False
192BTJX,CENTRE HOSPITALIER SAINTE MARIE,False
191YZCR,CENTRE HOSPITALIER SAINTE MARIE,False
191YXKG,CENTRE HOSPITALIER SAINTE MARIE,False
191YWZX,CENTRE HOSPITALIER SAINTE MARIE,False
191YVCQ,CENTRE HOSPITALIER SAINTE MARIE,False
191YSDM,CENTRE HOSPITALIER SAINTE MARIE,False
191YSBD,CENTRE HOSPITALIER SAINTE MARIE,False
191YRXR,CENTRE HOSPITALIER SAINTE MARIE,False
191YQMS,CENTRE HOSPITALIER SAINTE MARIE,False
191YNZF,ADMR NORD ARDECHE RHONE,False
191YLBW,CENTRE HOSPITALIER SAINTE MARIE,False
191YKKL,CENTRE HOSPITALIER SAINTE MARIE,False
191YCFW,PATISSERIE CHATELET,False
191XZTH,DOMALIANCE AUBENAS,False
191XVKB,SNM.CLAIRNET,False
191VTWW,ASSOCIATION HOSPITALIERE DE MOZE,False
191VRYT,DOMALIANCE AUBENAS,False
191VRXC,DOMALIANCE AUBENAS,False
191VRWF,DOMALIANCE AUBENAS,False
191VKCT,R.D.P.V.,False
191TSRS,SIEGE ADMINISTRATIF,False
191TSDH,LA MAISON TOURNONAISE,False
191SJWQ,EXPANSION 07 AUBENAS,False
191RWGD,LE FOURNIL DU PONT,False
191RJLY,MUTUALITE FRANCAISE SUD RHONE ALPES,False
191RFPC,LE CERISIER,False
191RFNP,LE CERISIER,False
191QMRF,HABITAT ET HUMANISME SOIN,False
191QKJC,FRAPPA,False
191QHHW,FRAPPA,False
191QFNG,SOCIETE BRESSANE DE TRAVAUX PUBLICS,False
191KKZP,BOUCHERIE DAVEZ,False
191JWCR,LE BATEAU D'EMILE,False
191JTHV,L'ESSENTIEL,False
191JSYK,PLEIN SUD RESTAURATION  MONTELIER,False
191JHBK,SIEGE ADMINISTRATIF,False
191JGRQ,SIEGE ADMINISTRATIF,False
191FSRH,PLEIN SUD RESTAURATION  MONTELIER,False
191DXJS,,False
191CRDS,AUBERGE DE MONTFLEURY,False
191BWLL,SENIOR COMPAGNIE FREEDOM,False
190XXBX,DOMALIANCE AUBENAS,False
190RKXN,AYOROS INVESTISSEMENT,False
190LXFB,CAFE JOSEPH ,False
190LVHX,EHPAD Résidence SAINTE MONIQUE,False
190LDSB,ASOLTECH DURAND,False
190GCQQ,RAMPA ENTREPRISES,False
189XNPQ,BOUCHERIE-CHARCUTERIE-TRAITEUR MEJE,False
189RPCR,EVJ SCET,False
189RCBD,ANEF - VDR,False
189LWYK,,False
188ZFVB,auberge de Montfleury,False
192WKVW,RAPHAEL recrutement,False
192VYMV,MANPOWER FRANCE,False
192VQZY,VOIR PERS 76564,False
192VQTV,VOIR PERS 76564,False
192VQFL,VOIR PERS 76564,False
192SDQX,SAMSIC INTERIM,False
192PTPW,CARROSSERIE JARJAT,False
192NHSK,DURAND LOCATION,False
192MBHJ,SSIAD LES MURIERS,False
192HXNH,EHPAD RESIDENCE LES MYRTILLES,False
192GYZR,F.P.S. (FLUIDES-PETROLE-SERVICES),False
192CLRT,ADMR NORD ARDECHE RHONE,False
192BYBV,HOPITAL ELISEE CHARRA,False
192BQZK,CENTRE HOSPITALIER SAINTE MARIE,False
192BHRX,ASSOCIATION DES ITEP DE L'ARDECHE,False
192BFCV,SIEGE ADMINISTRATIF,False
192BDTG,SIEGE ADMINISTRATIF,False
191ZCMB,FLORASOL,False
191ZCKL,FLORASOL,False
191YZHK,CENTRE HOSPITALIER SAINTE MARIE,False
191YYZP,CENTRE HOSPITALIER SAINTE MARIE,False
191YYRS,ARDECHE AUTONOMIE A DOMICILE,False
191YXLJ,CENTRE HOSPITALIER SAINTE MARIE,False
191YVJC,CENTRE HOSPITALIER SAINTE MARIE,False
191YTWD,CENTRE HOSPITALIER SAINTE MARIE,False
191YTNB,CENTRE HOSPITALIER SAINTE MARIE,False
191YTKF,CENTRE HOSPITALIER SAINTE MARIE,False
191YTHW,CENTRE HOSPITALIER SAINTE MARIE,False
191YTFX,CENTRE HOSPITALIER SAINTE MARIE,False
191YSMB,CENTRE HOSPITALIER SAINTE MARIE,False
191YPVY,CENTRE HOSPITALIER SAINTE MARIE,False
191YPPF,CENTRE HOSPITALIER SAINTE MARIE,False
191YLDZ,CENTRE HOSPITALIER SAINTE MARIE,False
191YKNH,CENTRE HOSPITALIER SAINTE MARIE,False
191YJXW,CENTRE HOSPITALIER SAINTE MARIE,False
191YBNL,SAS G.G.P. DISTRIBUTION,False
191XXQQ,EARL MARRON CHATAIGNE,False
191XFMY,CENTRE DE POST-CURE,False
191XDZC,CENTRE DE POST-CURE CSMRA VIRAC,False
191WDCD,CTRE HOSP DES CEVENNES ARDECHOISES,False
191VZYJ,GARAGE SEBASTIEN ROBERT,False
191VMFP,SOLAIREBOIS,False
191VJCY,SWAGG COIFFURE,False
191VFLD,AUBE COIFFURE,False
191TWBS,FREGATE AERO,False
191SFVG,LES COURRIERS RHODANIENS,False
191RXXJ,TRANSPORTS BROSSIER,False
191RTTM,SITE DE MONTELEGER,False
191RSDV,AQUATERRA SOLUTIONS,False
191RHCJ,MUTUALITE FRANCAISE SUD RHONE ALPES,False
191PWXQ,CARROSSERIE DU VARLET,False
191JQGH,IME LE CHATEAU DE SOUBEYRAN,False
191JQFC,IME LE CHATEAU DE SOUBEYRAN,False
191JQCM,IME LE CHATEAU DE SOUBEYRAN,False
191HMKS,CAPEB 07,False
191GWLB,PLEIN SUD RESTAURATION,False
191FQXQ,PLEIN SUD RESTAURATION,False
191CFGP,ADMR NORD ARDECHE RHONE,False
191BYCT,CYPACK,False
190XWCV,LES MAISONS DU GROUPE,False
190PTHL,ARDECHE AUTONOMIE A DOMICILE,False
190MNFL,EURL HAKYOTO,False
190LNJH,CLINIQUE VIVARAIS ST DOMINIQUE,False
190LDVZ,ASOLTECH DURAND,False
190JJZM,EHPAD RESIDENCE MON FOYER,False
190FJNN,CER FRANCE ARDECHE,False
190FCHM,CERFRANCE ARDECHE,False
190DLTP,ACRI INGENIERIE,False
190DBSZ,F.O.L. DE L'ARDECHE,False
190CFBN,DITEP HOME VIVAROIS,False
189SCVF,FRAPPA,False
189QTWC,SNEF POWER SERVICES,False
189CBHN,CABINET ALTAPLANA,False
188CDHQ,CER FRANCE ARDECHE,False
188CCPD,CER FRANCE ARDECHE,False
188CBZN,CER FRANCE ARDECHE,False
188BZKR,CER FRANCE ARDECHE,False
188BYJG,CER FRANCE ARDECHE,False
188BYBJ,CER FRANCE ARDECHE,False
6974054,Century 21,False
6894767,,False
6830651,O2 Care Services,False
6815833,,False
6810110,,False
6809885,,False
6783370,,False
6777959,,False
6711359,V and B,False
6689794,FEDERATION,False
6687864,Intermarché,False
6687742,Intermarché,False
6686652,Intermarché,False
6641140,,False
6640755,,False
6583376,,False
6583064,,False
6490650,,False
6469574,Fressnapf I Maxi Zoo,False
6466768,Groupement Mousquetaires,False
6465783,Intermarché,False
6297087,,False
6221263,,False
6208283,Intermarché,False
6207919,Intermarché,False
6004962,,False
5994016,,False
5979245,CH Elisée Charra / Lamastre,False
5973006,,False
5937975,,False
5934586,Association Béthanie,False
5861743,,False
5762120,Eurex Aubenas,False
5747048,,False
5637492,,False
5529474,,False
5341881,Grand Frais Caisses,
5100855,,False
4164042,,False
1724524,,False
6958820,Fressnapf I Maxi Zoo,False
6957874,PRO FAMILLES,False
6912478,,False
6911793,,False
6905879,,False
6904388,,False
6901761,Foncia,False
6901671,,False
6882176,Stokomani,False
6858895,,False
6844970,Plus que PRO,False
6833509,,False
6826383,HARRY HOPE,False
6825734,HARRY HOPE,False
6823802,LES COURRIERS RHODANIENS,False
6808742,,False
6808427,SOSUMAR,False
6796999,Intermarché,False
6796629,Groupement Mousquetaires,False
6701711,,False
6700676,,False
6697150,,False
6686656,Intermarché,False
6645917,PROSOL,False
6637323,,False
6585653,,False
6583594,,False
6582909,,False
6552972,,False
6492054,Page Personnel,False
6459277,Randstad,False
6220476,,False
6220454,,False
6209438,Intermarché,False
6207425,Intermarché,False
6207254,Intermarché,False
6207056,Intermarché,False
6206468,Intermarché,False
6118259,GROUPAMA MEDITERRANEE,False
6092253,,False
5987545,,False
5965574,,False
5820054,,False
5755032,Burger King France,False
5404698,,False
5131297,Mercato de l'emploi,False
5099028,,False
5013835,,False
4865333,,False
4792843,GESA Groupement d'Employeurs,False
4768800,,False
4614481,,False
4332106,,False
4262175,Burger King France,False
3824706,,False
3646287,GESA Groupement d'Employeurs,False
3479501,Ekibio,False
3340469,,False
2933978,,False
2776406,ALTHO,False
2617325,Burger King France,False
2537178,,False
0220229,,False
9085868,Ekibio,False
7145288,Groupe CHOPARD,
6997351,Skipper Groupe,False
6983512,,False
6981274,,False
6975892,APROJOB VALENCE,False
6974619,In Extenso,False
6974586,APROJOB VALENCE,False
6973919,Les Experts de l'Emploi,False
6973004,Adwork's Montelimar,False
6970722,Eurex,False
6970622,LTd,False
6967609,CABEO RH,False
6954088,Intermarché,False
6953301,Intermarché,False
6949926,Agence Appel Médical St Etienne,False
6945680,Agence Appel Médical Rhône Alpes Bloc,False
6945634,CIRCET DISTRIBUTION,False
6945612,Agence Appel Médical Rhône Alpes Bloc,False
6945350,Agence Appel Médical Rhône Alpes Bloc,False
6945323,Gi Group,False
6945269,Agence Appel Médical Rhône Alpes Bloc,False
6945241,Agence Appel Médical Rhône Alpes Bloc,False
6945104,CIRCET DISTRIBUTION,False
6945083,Agence Appel Médical Rhône Alpes Bloc,False
6944975,Agence Appel Médical Rhône Alpes Bloc,False
6944962,Agence Appel Médical Rhône Alpes Bloc,False
6944826,Agence Appel Médical Rhône Alpes Bloc,False
6944780,Agence Appel Médical Rhône Alpes Bloc,False
6944745,Agence Appel Médical Rhône Alpes Bloc,False
6944723,Agence Appel Médical Rhône Alpes Bloc,False
6944677,Agence Appel Médical Rhône Alpes Bloc,False
6944622,Agence Appel Médical Rhône Alpes Bloc,False
6944527,Agence Appel Médical Rhône Alpes Bloc,False
6944445,Gi Group,False
6944383,Agence Appel Médical Rhône Alpes Bloc,False
6939175,Agence Appel Médical Rhône Alpes Bloc,False
6939172,Agence Appel Médical Rhône Alpes Bloc,False
6938699,CIRCET DISTRIBUTION,False
6938547,Gi Group,False
6938529,Agence Appel Médical Rhône Alpes Bloc,False
6938464,Agence Appel Médical Rhône Alpes Bloc,False
6928678,,False
6928278,,False
6927131,,False
6924819,,False
6920498,,False
6920188,,False
6918215,,False
6917850,,False
6914364,,False
6913568,,False
6913199,,False
6911809,,False
6911089,,False
6907542,,False
6905550,,False
6905068,,False
6903528,,False
6901162,,False
6900158,,False
6899366,,False
6893494,,False
6893102,,False
6892909,,False
6890088,,False
6889420,,False
6889019,,False
6888958,,False
6888493,,False
6887261,,False
6887173,,False
6887060,,False
6886917,,False
6886891,,False
6879912,,False
6879229,,False
6876428,Navys,False
6875820,Association Béthanie,False
6875598,DOMITYS,False
6843711,Eurex Aubenas,False
6837019,Page Personnel,False
6833167,,False
6833166,,False
6831569,,False
6830811,Recrutement Réseau Renault,False
6830658,,False
6823961,LES COURRIERS RHODANIENS,False
6823827,MEOSIS,False
6823472,LES COURRIERS RHODANIENS,False
6818468,Fed Group,False
6816777,,False
6816232,,False
6815633,,False
6815615,,False
6815615,,False
6812210,O2 Care Services,False
6809530,,False
6809087,,False
6809073,,False
6802127,AGENT DE TALENT,False
6780725,,False
6777310,,False
6776892,,False
6774601,,False
6727638,LES COURRIERS RHODANIENS,False
6710891,Allegro Musique,False
6708323,Legal & HR Talents,False
6707676,,False
6702562,,False
6701251,,False
6700286,,False
6699737,,False
6698646,,False
6697902,,False
6696192,,False
6695197,LTd,False
6692859,Puissance Cap,False
6657500,,False
6643666,Buffalo Grill,False
6643631,Buffalo Grill,False
6640305,,False
6632337,,False
6596477,Buffalo Grill,False
6591669,Michael Page,False
6588941,Legal &amp; HR Talents,False
6588910,Legal &amp; HR Talents,False
6584753,,False
6583998,,False
6578960,,False
6578152,,False
6557854,,False
6557366,,False
6543434,,False
6490773,,False
6486869,CENTURION SEARCH,False
6486366,NGE,False
6486095,GROUPE MORGAN SERVICES,False
6484860,BEHIVE,False
6480304,,False
6478656,,False
6477888,,False
6475645,,False
6466764,Intermarché,False
6465816,Intermarché,False
6456377,,False
6453930,,False
6453866,,False
6451291,,False
6443493,,False
6437598,,False
6437146,,False
6436739,,False
6436540,,False
6433787,,False
6432907,,False
6423444,NGE,False
6417111,APROJOB BOURG ARGENTAL,False
6373355,KOLIBRI CONSULTING,False
6369308,SOSUMAR,False
6364438,Adwork's Montelimar,False
6360461,,False
6355667,CABEO RH,False
6353062,GALEO,False
6345494,,False
6324997,Domaliance,False
6323645,,False
6318176,,False
6303391,,False
6297031,,False
6257743,Randstad,False
6247692,Adwork's Montelimar,False
6242614,,False
6231824,,False
6220659,,False
6220348,,False
6219345,,False
6218661,,False
6217908,,False
6209134,Intermarché,False
6209089,Intermarché,False
6208149,Intermarché,False
6207535,Intermarché,False
6207456,Intermarché,False
6206638,Intermarché,False
6206288,Intermarché,False
6185907,,False
6185884,,False
6185803,,False
6185098,,False
6184986,,False
6175939,Sophia Conseil,False
6162042,,False
6134696,ALTINEO,False
6134416,ALTINEO,False
6105570,,False
6101651,PLASTIC OMNIUM,False
6084307,,False
6081955,,False
6081235,Randstad,False
6079531,,False
6078914,,False
6072889,,False
6072331,,False
6069884,Agrial,False
6068067,Buffalo Grill,False
6036866,,False
6036832,,False
6034760,INTERACTION LE PEAGE,False
6004959,,False
5990278,,False
5984644,LTd,False
5972119,Intermarché,False
5969507,,False
5953746,,False
5953723,,False
5952753,,False
5951525,,False
5951019,,False
5938654,,False
5876465,,False
5876434,,False
5876429,,False
5868833,Skipper Groupe,False
5868577,SOPHIE LEBREUILLY,False
5866733,APROJOB BOURG ARGENTAL,False
5862562,,False
5862549,,False
5847242,FEDERATION,False
5828251,,False
5818149,PROSOL,False
5817500,PROSOL,False
5813809,,False
5812784,ALTHO,False
5751406,SOPHIE LEBREUILLY,False
5748804,,False
5736625,,False
5731258,,False
5731256,,False
5731255,,False
5725562,,False
5725533,,False
5720644,,False
5713185,,False
5698205,ORYS AIX EN PROVENCE,False
5663964,OXANCE,False
5636059,,False
5632220,,False
5611331,,False
5563604,MAAF,False
5538085,,False
5535154,,False
5534271,,False
5533502,Groupama Méditerranée,False
5532440,,False
5529557,,False
5528449,,False
5528278,,False
5498201,,False
5498199,,False
5498195,,False
5477171,GESA Groupement d'Employeurs,False
5423381,Expectra,False
5402630,AFE Guilherand Granges,False
5392395,,False
5270196,,False
5267443,,False
5258554,Allegro Musique,False
5231727,,False
5178354,Adecco,False
5151304,,False
5103569,,False
5100893,,False
4990863,,False
4973768,In Extenso,False
4970317,,False
4894550,,False
4848734,,False
4829362,Expectra,False
4747159,,False
4740902,Forums Talents Handicap,False
4740491,,False
4734829,,False
4614472,,False
4483995,GERARD PERRIER INDUSTRIE,False
4483896,,False
4480512,,False
4467395,,False
4437461,,False
4344971,Centre de santé du Marais Médéor,False
4333819,,False
4263501,,False
4201208,Association Béthanie,False
4199121,Ekibio,False
4084967,,False
3945120,GESA Groupement d'Employeurs,False
3943009,CEFEM Industries,False
3434600,,False
3413540,CASÉO Aubenas,False
3347043,,False
3320225,,False
3318166,,False
3301423,Burger King France,False
3231335,VIVIANY,False
2725831,,False
2555230,Ekibio,False
2535003,,False
2400477,Association Béthanie,False
1856723,,False
1620369,,False
1450469,,False
0475207,,False
9595919,,False
1058900,,False
6979204,,False
6978913,,False
6971094,LTd,False
6955482,,False
6953231,Intermarché,False
6944516,Gi Group,False
6934822,,False
6913415,,False
6912671,,False
6910831,,False
6909615,,False
6909613,,False
6908325,,False
6906985,Acass,False
6899739,,False
6898367,,False
6894601,,False
6894278,,False
6891211,,False
6891065,,False
6890914,,False
6890846,,False
6888864,,False
6887104,,False
6886057,,False
6875788,Association Béthanie,False
6875413,Association Béthanie,False
6857434,EDF,False
6844336,GALEO,False
6844045,LA MONTAGNE ARDECHOISE,False
6843862,LA MONTAGNE ARDECHOISE,False
6840312,Randstad,False
6834161,,False
6833674,,False
6833186,,False
6816218,,False
6815953,,False
6815666,,False
6810616,,False
6810225,,False
6804636,Alternative recrutement,False
6797005,Intermarché,False
6796853,Intermarché,False
6757534,Synergie,False
6718414,Hissez O',False
6712794,Domaliance Aubenas,False
6712628,Domaliance Aubenas,False
6711610,DESTIA,False
6710768,MerciPlus Valence,False
6710502,Free Dom Voguë,False
6710474,MerciPlus Valence,False
6708697,DESTIA,False
6703102,,False
6698487,,False
6682752,ADECCO Groupe France,False
6680371,Appel Médical Search Vacation Intérim Rhône,False
6680209,Appel Médical Search Vacation Intérim Rhône,False
6679948,Appel Médical Search Vacation Intérim Rhône,False
6679800,Appel Médical Search Vacation Intérim Rhône,False
6679184,Appel Médical Search Vacation Intérim Rhône,False
6667521,,False
6658809,,False
6632425,,False
6626896,,False
6587027,,False
6561161,,False
6499263,APROJOB VALENCE,False
6470354,Kangourou Kids,False
6469275,Senior Compagnie Vogüé,False
6454311,,False
6441988,,False
6438775,,False
6437465,,False
6436726,My Premium Consulting,False
6436722,My Premium Consulting,False
6427944,O2 Care Services,False
6426329,O2 Care Services,False
6426287,O2 Care Services,False
6416789,APROJOB BOURG ARGENTAL,False
6416789,APROJOB BOURG ARGENTAL,False
6416087,APROJOB BOURG ARGENTAL,False
6382116,Randstad,False
6354175,Domaliance Aubenas,False
6350322,Domaliance Aubenas,False
6297073,,False
6232376,,False
6223275,,False
6215212,Domaliance Tain-l'Hermitage,False
6214974,Domaliance Annonay,False
6214900,Domaliance Annonay,False
6214878,Domaliance Annonay,False
6214847,Domaliance Annonay,False
6214686,Domaliance Annonay,False
6214220,,False
6213771,Domaliance Annonay,False
6211246,Domaliance Annonay,False
6208988,Intermarché,False
6208487,Intermarché,False
6185955,,False
6185948,,False
6185847,,False
6185828,,False
6185340,,False
6184916,,False
6181038,ADECCO Groupe France,False
6118243,orano - CSP IDF,False
6115409,W HUNT,False
6100253,Domaliance Aubenas,False
6100160,Domaliance Aubenas,False
6098773,Vivaservices Lyon Sud / St-Priest,False
6096479,Domaliance Aubenas,False
6078335,,False
6072384,,False
6036904,,False
6036886,,False
6002554,GESA Groupement d'Employeurs,False
6002282,,False
5987521,,False
5987027,,False
5974944,Biboo Family,False
5974699,Biboo Family,False
5974446,Biboo Family,False
5974263,Biboo Family,False
5973974,Biboo Family,False
5973768,Biboo Family,False
5973194,Biboo Family,False
5973123,Biboo Family,False
5973113,Biboo Family,False
5955833,,False
5938462,,False
5935070,DOMITYS,False
5934982,O2 Care Services,False
5934765,O2 Care Services,False
5876381,,False
5876207,,False
5845428,SOM Sites,False
5845188,Groupe Ortec,False
5824767,,False
5817506,Eiffage,False
5813731,O2 Care Services,False
5810509,ENSIO,False
5750801,OXANCE,False
5750543,SOPHIE LEBREUILLY,False
5741428,Domaliance Tain-l'Hermitage,False
5716734,,False
5716328,,False
5695555,KOLIBRI CONSULTING,False
5695549,KOLIBRI CONSULTING,False
5687337,,False
5628994,C2LD,False
5625140,Domaliance Aubenas,False
5625133,Domaliance Aubenas,False
5625121,Domaliance Aubenas,False
5625120,Domaliance Aubenas,False
5621778,Domaliance Aubenas,False
5590614,,False
5529678,,False
5529616,,False
5490111,,False
5476218,Association Béthanie,False
5392359,,False
5389325,Domaliance Annonay,False
5270176,,False
5235020,,False
5217665,,False
5216892,Association Béthanie,False
5111132,,False
5105856,Domaliance,False
5103076,,False
5086975,DESTIA,False
5085593,DESTIA,False
5027235,Association Béthanie,False
4989779,,False
4917997,,False
4900679,,False
4898689,,False
4898607,,False
4785589,,False
4722711,Association Béthanie,False
4525886,,False
4382788,,False
4319854,Cerfrance,False
4196278,,False
3977578,Association Béthanie,False
3933023,,False
3860820,,False
3824757,,False
3764554,Appel Médical,False
3668668,,False
3601970,GROUPE RAMPA,False
3582519,Free Dom,False
3582066,Senior Compagnie,False
3549554,,False
3477919,Free Dom,False
3443862,,False
3227527,VIVIANY,False
2616477,Burger King France,False
2290768,Cerfrance,False
1620738,,False
1620644,,False
7076629,ORIENTACTION EMPLOI,
6998664,My Premium Consulting,False
6998618,My Premium Consulting,False
6998553,My Premium Consulting,False
6998472,My Premium Consulting,False
6998361,My Premium Consulting,False
6998352,My Premium Consulting,False
6998181,My Premium Consulting,False
6998093,My Premium Consulting,False
6998035,My Premium Consulting,False
6997991,My Premium Consulting,False
6997972,My Premium Consulting,False
6997955,My Premium Consulting,False
6997670,My Premium Consulting,False
6997597,My Premium Consulting,False
6995458,My Premium Consulting,False
6994736,My Premium Consulting,False
6992940,My Premium Consulting,False
6992939,My Premium Consulting,False
6992882,ALTINEO,False
6982218,Appel Medical,False
6978729,,False
6966666,CABEO RH,False
6951986,Domino Care,False
6951154,Agence Appel Médical Rhône Est Kiné,False
6951016,Agence Appel Médical Valence,False
6950972,Agence Appel Médical Valence,False
6950405,Agence Appel Médical Valence,False
6950242,Agence Appel Médical Rhône Est Kiné,False
6950116,Ag appel médical Kiné PACA,False
6950111,Ag appel médical Kiné PACA,False
6949763,Agence Appel Médical Avignon,False
6949583,Agence Appel Médical Rhône Est Kiné,False
6949347,Agence Appel Médical Rhône Est Kiné,False
6948916,Agence Appel Médical Rhône Est Kiné,False
6942608,Agence Appel Médical Valence,False
6942427,Agence Appel Médical Rhône Est Kiné,False
6941356,Agence Appel Médical Rhône Est Kiné,False
6934927,,False
6927174,,False
6926568,,False
6915534,,False
6914237,,False
6913100,,False
6912487,,False
6911968,,False
6907629,,False
6906826,,False
6906145,,False
6904257,,False
6903166,,False
6902291,,False
6898062,,False
6892399,,False
6891093,,False
6890963,,False
6890775,,False
6890719,,False
6890100,,False
6889653,,False
6889337,,False
6889186,,False
6858592,Agence Appel Médical Valence,False
6858114,,False
6857648,,False
6857616,,False
6856163,Talents Santé,False
6855108,APROJOB BOURG ARGENTAL,False
6847443,BEHIVE,False
6845399,My Premium Consulting,False
6844446,LA MONTAGNE ARDECHOISE,False
6843869,LES 5 VALLEES,False
6827717,My Premium Consulting,False
6827080,My Premium Consulting,False
6826937,My Premium Consulting,False
6826742,My Premium Consulting,False
6826512,My Premium Consulting,False
6826335,My Premium Consulting,False
6825809,My Premium Consulting,False
6825644,My Premium Consulting,False
6825616,My Premium Consulting,False
6825440,My Premium Consulting,False
6825141,My Premium Consulting,False
6825051,Comptalents,False
6825004,My Premium Consulting,False
6824849,My Premium Consulting,False
6818445,KOLIBRI CONSULTING,False
6809477,,False
6807962,Adwork's Montelimar,False
6804538,JoberGroup,False
6804397,GROUPE SOS Seniors,False
6796642,Groupement Mousquetaires,False
6795808,GROUPE MAZET,False
6776977,KOLIBRI CONSULTING,False
6734679,My Premium Consulting,False
6727846,HELVIE COIRON,False
6720197,Start People,False
6718064,KOLIBRI CONSULTING,False
6708956,Groupe SOS Seniors,False
6708751,ORIENTACTION EMPLOI,False
6701968,,False
6701255,,False
6701208,,False
6700597,,False
6699508,,False
6685438,Domino Care,False
6683349,Domino Care,False
6682867,Domino Care,False
6669400,,False
6642314,ELIOR,False
6636489,Domino Care,False
6632464,,False
6632272,,False
6603663,Domino RH Dijon,False
6595018,Domino RH Care Saint Etienne,False
6592915,Domino RH Care Saint Etienne,False
6587787,,False
6586558,,False
6558148,,False
6558127,,False
6544710,,False
6543759,,False
6487685,My Premium Consulting,False
6487513,My Premium Consulting,False
6487501,My Premium Consulting,False
6487490,My Premium Consulting,False
6487114,NGE,False
6487015,My Premium Consulting,False
6486837,My Premium Consulting,False
6486612,My Premium Consulting,False
6486340,My Premium Consulting,False
6486128,My Premium Consulting,False
6485907,My Premium Consulting,False
6485649,My Premium Consulting,False
6485360,My Premium Consulting,False
6484401,My Premium Consulting,False
6482695,,False
6482221,,False
6467806,Appel Médical,False
6454595,,False
6454482,,False
6453940,,False
6453358,,False
6444185,,False
6438879,,False
6438796,,False
6438579,,False
6437765,My Premium Consulting,False
6437089,My Premium Consulting,False
6434072,KOLIBRI CONSULTING,False
6432016,KOLIBRI CONSULTING,False
6431261,Adsearch,False
6422637,My Premium Consulting,False
6421463,My Premium Consulting,False
6421404,My Premium Consulting,False
6421170,My Premium Consulting,False
6418066,Lamacompta,False
6417864,Domino RH Care Medicare,False
6382824,,False
6377987,Appel Médical,False
6373607,Fed Finance d'Entreprise,False
6357489,Kali Group,False
6352843,EYRIEUX OUVEZE,False
6347137,Roady,False
6236021,Domino RH Care Medicare,False
6235710,implid,False
6212447,Adhap Valence,False
6212090,Adhap Valence,False
6211681,Adhap Valence,False
6211499,Adhap Valence,False
6211107,Adhap Valence,False
6207734,Intermarché,False
6206777,Intermarché,False
6206334,Roady,False
6189998,,False
6186095,,False
6185399,,False
6185293,,False
6185259,,False
6118174,My Premium Consulting,False
6118027,My Premium Consulting,False
6118012,My Premium Consulting,False
6117896,My Premium Consulting,False
6117810,My Premium Consulting,False
6117782,My Premium Consulting,False
6117692,My Premium Consulting,False
6117570,My Premium Consulting,False
6117562,My Premium Consulting,False
6117551,My Premium Consulting,False
6117492,My Premium Consulting,False
6117458,My Premium Consulting,False
6117400,My Premium Consulting,False
6113636,,False
6101551,Mercato de l'emploi,False
6076623,Slash Intérim,False
6075270,,False
6069509,KOLIBRI CONSULTING,False
6036971,,False
6036143,SARL SOLAIREBOIS,False
6009475,Gi Group France,False
5990306,,False
5979820,,False
5968888,,False
5937584,Adsearch,False
5928953,,False
5881254,ORIENTACTION EMPLOI,False
5875839,LEA Recrutement,False
5864468,,False
5845476,Eurex Annonay,False
5825842,,False
5813873,In Extenso,False
5813810,,False
5812652,,False
5801097,,False
5791060,,False
5791012,,False
5790829,,False
5790801,,False
5790800,,False
5790766,,False
5789948,,False
5789909,,False
5756107,Schneider Electric,False
5750996,OXANCE,False
5742184,,False
5720110,,False
5718411,,False
5717924,,False
5717789,,False
5717414,,False
5716716,,False
5691004,In Extenso,False
5687425,,False
5664995,INTERACTION LE PEAGE,False
5590766,,False
5590749,,False
5590613,,False
5402161,AFE Guilherand Granges,False
5357835,Appel Medical,False
5217657,,False
5083265,,False
5015672,,False
4858353,,False
4734390,,False
4733876,,False
4718101,,False
4528120,Association Béthanie,False
4416700,,False
4370192,My Premium Consulting,False
4199435,Association Béthanie,False
4198070,,False
4038057,,False
4009438,Association Béthanie,False
3877909,Allianz,False
3715499,GROUPE RAMPA,False
3641406,GESA Groupement d'Employeurs,False
3602874,GROUPE RAMPA,False
3529716,In Extenso,False
3414714,In Extenso,False
2960519,,False
2519437,,False
2291557,Cerfrance,False
2290676,Cerfrance,False
2290616,Cerfrance,False
2192888,Association Béthanie,False
1505111,Association Béthanie,False
1454841,,False
1325345,,False
9596504,,False
